{
  "robots": [
    {
      "id": 2,
      "path": [
        [
          961,
          156,
          0.04869726727462371,
          0
        ],
        [
          952,
          158,
          2.922923707715851,
          0
        ],
        [
          605,
          330,
          2.6814092339647173,
          0
        ],
        [
          734,
          242,
          -0.5986593937144006,
          0
        ]
      ]
    },
    {
      "id": 3,
      "path": [
        [
          850,
          337,
          0.7112102457048258,
          0
        ]
      ]
    },
    {
      "id": 1,
      "path": [
        [
          942,
          120,
          0.030297955437051615,
          0
        ],
        [
          924,
          337,
          1.653556170448588,
          0
        ],
        [
          750,
          249,
          -2.6733579207995897,
          0
        ],
        [
          741,
          208,
          -1.7868812990916831,
          0
        ]
      ]
    }
  ]
}