{
  "robots": [
    {
      "id": 2,
      "path": [
        [
          892,
          47,
          0.038859614706303655,
          0
        ],
        [
          803,
          311,
          1.892546881191539,
          "close"
        ],
        [
          816,
          351,
          1.1525719972156676,
          "open"
        ]
      ]
    },
    {
      "id": 782,
      "path": [
        [
          810,
          278,
          0
        ],
        [
          1331,
          379,
          5000
        ],
        [
          148,
          265,
          5000
        ]
      ]
    },
    {
      "id": 1,
      "path": [
        [
          603,
          65,
          0.012545950840594611,
          0
        ],
        [
          1331,
          379,
          0.4072104306891028,
          5000
        ],
        [
          148,
          265,
          -3.045524119503489,
          5000
        ]
      ]
    }
  ]
}