{
  "robots": [
    {
      "id": 2,
      "path": [
        [
          199,
          220,
          0.0029631898363249596,
          0
        ],
        [
          659,
          381,
          0.33667481938672716,
          0
        ],
        [
          657,
          58,
          -1.5769881981274692,
          0
        ],
        [
          1100,
          54,
          -0.009029099999729442,
          0
        ],
        [
          1078,
          372,
          1.6398686589589826,
          0
        ]
      ]
    },
    {
      "id": 3,
      "path": [
        [
          659,
          381,
          3.1078501910323713,
          0
        ],
        [
          659,
          58,
          -1.5707963267948966,
          0
        ]
      ]
    },
    {
      "id": 1,
      "path": [
        [
          942,
          120,
          0.030297955437051615,
          0
        ],
        [
          924,
          337,
          1.653556170448588,
          0
        ],
        [
          750,
          249,
          -2.6733579207995897,
          0
        ],
        [
          741,
          208,
          -1.7868812990916831,
          0
        ]
      ]
    }
  ]
}