{
  "robots": [
    {
      "id": 2,
      "path": [
        [
          828,
          373,
          -0.021464362418736675,
          0
        ],
        [
          794,
          140,
          -1.7126933813990606,
          "close"
        ],
        [
          922,
          257,
          0.8836721166534575,
          "open"
        ],
        [
          828,
          373,
          -0.021464362418736675,
          0
        ],
        [
          829,
          287,
          -1.550798992821746,
          "close"
        ],
        [
          801,
          139,
          -1.8545904360032244,
          "open"
        ],
        [
          828,
          373,
          -0.021464362418736675,
          0
        ],
        [
          829,
          287,
          -1.550798992821746,
          "close"
        ],
        [
          801,
          139,
          -1.8545904360032244,
          "open"
        ]
      ]
    },
    {
      "id": 782,
      "path": [
        [
          810,
          278,
          0
        ],
        [
          1331,
          379,
          5000
        ],
        [
          148,
          265,
          5000
        ]
      ]
    },
    {
      "id": 1,
      "path": [
        [
          603,
          65,
          0.012545950840594611,
          0
        ],
        [
          1331,
          379,
          0.4072104306891028,
          5000
        ],
        [
          148,
          265,
          -3.045524119503489,
          5000
        ]
      ]
    }
  ]
}