{
  "robots": [
    {
      "id": 2,
      "path": [
        [
          840,
          340,
          3.0984004569378025,
          0
        ]
      ]
    },
    {
      "id": 3,
      "path": [
        [
          610,
          340,
          3.0984004569378025,
          0
        ]
      ]
    },
    {
      "id": 782,
      "path": [
        [
          810,
          278,
          0
        ],
        [
          1331,
          379,
          5000
        ],
        [
          148,
          265,
          5000
        ]
      ]
    },
    {
      "id": 1,
      "path": [
        [
          899,
          255,
          0.04338708842797923,
          0
        ],
        [
          657,
          359,
          2.73570385866198,
          0
        ],
        [
          912,
          341,
          -0.07047134457879563,
          0
        ]
      ]
    }
  ]
}